{
"block_items":[{"expanded":false,"Exclusion Rule Type":"None","UNR":"none","Index":"1","Blk Type":"code block","Src Start Line":"25","Score":"1","Enclosing Entity":"testbench.controller","Source":"    begin"}
,{"expanded":false,"Exclusion Rule Type":"None","UNR":"none","Index":"2","Blk Type":"true part of","Src Start Line":"27","Score":"1","Enclosing Entity":"testbench.controller","Source":"         state <= IDLE;"}
,{"expanded":false,"Exclusion Rule Type":"None","UNR":"none","Index":"3","Blk Type":"false part of","Src Start Line":"29","Score":"1","Enclosing Entity":"testbench.controller","Source":"         state <= next_state;"}
,{"expanded":false,"Exclusion Rule Type":"None","UNR":"none","Index":"4","Blk Type":"code block","Src Start Line":"34","Score":"1","Enclosing Entity":"testbench.controller","Source":"    begin"}
,{"expanded":false,"Exclusion Rule Type":"None","UNR":"none","Index":"5","Blk Type":"a case item of","Src Start Line":"37","Score":"1","Enclosing Entity":"testbench.controller","Source":"            IDLE: begin"}
,{"expanded":false,"Exclusion Rule Type":"None","UNR":"none","Index":"6","Blk Type":"true part of","Src Start Line":"45","Score":"1","Enclosing Entity":"testbench.controller","Source":"                        next_state = ON;"}
,{"expanded":false,"Exclusion Rule Type":"None","UNR":"none","Index":"7","Blk Type":"implicit else","Src Start Line":"44","Score":"1","Enclosing Entity":"testbench.controller","Source":"                    if (new_seq == 1'b1)"}
,{"expanded":false,"Exclusion Rule Type":"None","UNR":"none","Index":"8","Blk Type":"a case item of","Src Start Line":"47","Score":"1","Enclosing Entity":"testbench.controller","Source":"            ON:   begin"}
,{"expanded":false,"Exclusion Rule Type":"None","UNR":"none","Index":"9","Blk Type":"true part of","Src Start Line":"54","Score":"1","Enclosing Entity":"testbench.controller","Source":"                    if (per_count == N-1) begin"}
,{"expanded":false,"Exclusion Rule Type":"None","UNR":"none","Index":"10","Blk Type":"true part of","Src Start Line":"56","Score":"1","Enclosing Entity":"testbench.controller","Source":"                            next_state = END;"}
,{"expanded":false,"Exclusion Rule Type":"None","UNR":"none","Index":"11","Blk Type":"false part of","Src Start Line":"58","Score":"1","Enclosing Entity":"testbench.controller","Source":"                            next_state = OFF;"}
,{"expanded":false,"Exclusion Rule Type":"None","UNR":"none","Index":"12","Blk Type":"implicit else","Src Start Line":"54","Score":"1","Enclosing Entity":"testbench.controller","Source":"                    if (per_count == N-1) begin"}
,{"expanded":false,"Exclusion Rule Type":"None","UNR":"none","Index":"13","Blk Type":"a case item of","Src Start Line":"61","Score":"1","Enclosing Entity":"testbench.controller","Source":"            OFF:  begin"}
,{"expanded":false,"Exclusion Rule Type":"None","UNR":"none","Index":"14","Blk Type":"a case item of","Src Start Line":"70","Score":"1","Enclosing Entity":"testbench.controller","Source":"            END:  begin"}
,{"expanded":false,"Exclusion Rule Type":"None","UNR":"none","Index":"15","Blk Type":"true part of","Src Start Line":"78","Score":"1","Enclosing Entity":"testbench.controller","Source":"                        next_state = ON;"}
,{"expanded":false,"Exclusion Rule Type":"None","UNR":"none","Index":"16","Blk Type":"implicit else","Src Start Line":"77","Score":"1","Enclosing Entity":"testbench.controller","Source":"                    if (new_seq == 1'b1)"}
,{"expanded":false,"Exclusion Rule Type":"None","UNR":"none","Index":"17","Blk Type":"a case item of","Src Start Line":"80","Score":"1","Enclosing Entity":"testbench.controller","Source":"            default: next_state = IDLE;"}
,{"expanded":false,"Exclusion Rule Type":"None","UNR":"none","Index":"18","Blk Type":"code block","Src Start Line":"86","Score":"1","Enclosing Entity":"testbench.controller","Source":"    begin"}
,{"expanded":false,"Exclusion Rule Type":"None","UNR":"none","Index":"19","Blk Type":"true part of","Src Start Line":"88","Score":"1","Enclosing Entity":"testbench.controller","Source":"            new_seq = start & (~prev_start);"}
,{"expanded":false,"Exclusion Rule Type":"None","UNR":"none","Index":"20","Blk Type":"false part of","Src Start Line":"90","Score":"1","Enclosing Entity":"testbench.controller","Source":"            new_seq = 1'b0;"}
,{"expanded":false,"Exclusion Rule Type":"None","UNR":"none","Index":"21","Blk Type":"code block","Src Start Line":"91","Score":"1","Enclosing Entity":"testbench.controller","Source":"        prev_start = start;"}
,{"expanded":false,"Exclusion Rule Type":"None","UNR":"none","Index":"22","Blk Type":"code block","Src Start Line":"96","Score":"1","Enclosing Entity":"testbench.controller","Source":"    begin"}
,{"expanded":false,"Exclusion Rule Type":"None","UNR":"none","Index":"23","Blk Type":"true part of","Src Start Line":"98","Score":"1","Enclosing Entity":"testbench.controller","Source":"            per_count <= 3'b000;"}
,{"expanded":false,"Exclusion Rule Type":"None","UNR":"none","Index":"24","Blk Type":"false part of","Src Start Line":"99","Score":"1","Enclosing Entity":"testbench.controller","Source":"        else if (running == 1)"}
,{"expanded":false,"Exclusion Rule Type":"None","UNR":"none","Index":"25","Blk Type":"true part of","Src Start Line":"100","Score":"1","Enclosing Entity":"testbench.controller","Source":"            per_count <= per_count + 3'b001;"}
,{"expanded":false,"Exclusion Rule Type":"None","UNR":"none","Index":"26","Blk Type":"implicit else","Src Start Line":"99","Score":"1","Enclosing Entity":"testbench.controller","Source":"        else if (running == 1)"}
,{"expanded":false,"Exclusion Rule Type":"None","UNR":"none","Index":"27","Blk Type":"code block","Src Start Line":"105","Score":"1","Enclosing Entity":"testbench.controller","Source":"    begin"}
,{"expanded":false,"Exclusion Rule Type":"None","UNR":"none","Index":"28","Blk Type":"true part of","Src Start Line":"107","Score":"1","Enclosing Entity":"testbench.controller","Source":"            seq_count <= 4'b0000;"}
,{"expanded":false,"Exclusion Rule Type":"None","UNR":"none","Index":"29","Blk Type":"false part of","Src Start Line":"108","Score":"1","Enclosing Entity":"testbench.controller","Source":"        else if (seq_en == 1)"}
,{"expanded":false,"Exclusion Rule Type":"None","UNR":"none","Index":"30","Blk Type":"true part of","Src Start Line":"109","Score":"1","Enclosing Entity":"testbench.controller","Source":"            seq_count <= seq_count + 4'b0001;"}
,{"expanded":false,"Exclusion Rule Type":"None","UNR":"none","Index":"31","Blk Type":"implicit else","Src Start Line":"108","Score":"1","Enclosing Entity":"testbench.controller","Source":"        else if (seq_en == 1)"}
]
,"statement_items":[],"fsm_items"
:[{"expanded":false,"Exclusion Rule Type":"None","UNR":"none","title":"state","State Average Grd":"100%","Trans Average Grd":"100%","Arc Average Grd":"n/a","Enclosing Entity":"testbench.controller","Source":"    reg [1:0] state, next_state; // State flip-flops"
,"subitems":[{"expanded":false,"Exclusion Rule Type":"None","UNR":"none","title":"IDLE","Encoding":"00","Score":"3","Is Reset State":"true","Source":"            IDLE: begin"}
,{"expanded":false,"Exclusion Rule Type":"None","UNR":"none","title":"ON","Encoding":"01","Score":"54","Is Reset State":"false","Source":"            ON:   begin"}
,{"expanded":false,"Exclusion Rule Type":"None","UNR":"none","title":"OFF","Encoding":"10","Score":"48","Is Reset State":"false","Source":"            OFF:  begin"}
,{"expanded":false,"Exclusion Rule Type":"None","UNR":"none","title":"END","Encoding":"11","Score":"4","Is Reset State":"false","Source":"            END:  begin"}
]
,"subitems1":[{"expanded":false,"Exclusion Rule Type":"None","UNR":"none","Index":"0","From State title":"IDLE","To State title":"ON","Score":"3","Is Reset Trans":"false"
,"subitems":[]}
,{"expanded":false,"Exclusion Rule Type":"None","UNR":"none","Index":"1","From State title":"ON","To State title":"END","Score":"4","Is Reset Trans":"false"
,"subitems":[]}
,{"expanded":false,"Exclusion Rule Type":"None","UNR":"none","Index":"2","From State title":"ON","To State title":"OFF","Score":"48","Is Reset Trans":"false"
,"subitems":[]}
,{"expanded":false,"Exclusion Rule Type":"None","UNR":"none","Index":"3","From State title":"OFF","To State title":"ON","Score":"48","Is Reset Trans":"false"
,"subitems":[]}
,{"expanded":false,"Exclusion Rule Type":"None","UNR":"none","Index":"4","From State title":"END","To State title":"ON","Score":"3","Is Reset Trans":"false"
,"subitems":[]}
]}
]}
